{
  "accuracy": 0.7,
  "macro_f1": 0.6948839208146012,
  "weighted_f1": 0.694883920814601,
  "classification_report": "              precision    recall  f1-score   support\n\n       blues       0.75      0.60      0.67        20\n   classical       0.79      0.95      0.86        20\n     country       0.89      0.80      0.84        20\n       disco       0.53      0.40      0.46        20\n      hiphop       0.56      0.70      0.62        20\n        jazz       0.76      0.80      0.78        20\n       metal       0.76      0.80      0.78        20\n         pop       0.82      0.90      0.86        20\n      reggae       0.50      0.50      0.50        20\n        rock       0.61      0.55      0.58        20\n\n    accuracy                           0.70       200\n   macro avg       0.70      0.70      0.69       200\nweighted avg       0.70      0.70      0.69       200\n"
}